Track name, Artist name, Album, Playlist name, Type, ISRC
Charter Members,Vic Spencer,Legend Laws of Power,Favorite Songs,Favorite,QZHN82131826
Daily Bread, pt. 5,Vic Spencer,Legend Laws of Power,Favorite Songs,Favorite,QZHN82131827
Cemetary Diet,Vic Spencer,Legend Laws of Power,Favorite Songs,Favorite,QZHN82131830
LIGHTSPEED,Paris Michael,DIVA! DIVA! DIVA!,Favorite Songs,Favorite,QZ93L2104726
Grown Man Voice (feat. Micah James, Lord Jah-Monte Ogbon, Pink Siifu),McKinley Dixon,For My Mama And Anyone Who Look Like Her,Favorite Songs,Favorite,QMDN22000113
Bodega Flowers,Skyzoo,All the Brilliant Things,Favorite Songs,Favorite,QM6MZ2113136
Free Jewelry,Skyzoo,All the Brilliant Things,Favorite Songs,Favorite,QM6MZ2113132
Chosen Doorbells,Vic Spencer,Legend Laws of Power,Favorite Songs,Favorite,QZHN82131829
TiP TOE 4,Riff Raff,TURQUOiSE TORNADO,Favorite Songs,Favorite,QMFMF2002652
U Will Remember Us,Dell Soda,Scene Life: Underground,Favorite Songs,Favorite,QZES62120806
Break Me Down,Lloyd Banks,The Course of the Inevitable,Favorite Songs,Favorite,QZHN82157994
Pain Pressure Paranoia,Lloyd Banks,The Course of the Inevitable,Favorite Songs,Favorite,QZHN82157996
Drop 5,Lloyd Banks,The Course of the Inevitable,Favorite Songs,Favorite,QZHN82157998
Smoke and Mirrors,Lloyd Banks,The Course of the Inevitable,Favorite Songs,Favorite,QZHN82158000
Dishonorable Discharge,Lloyd Banks,The Course of the Inevitable,Favorite Songs,Favorite,QZHN82158001
Geeyat Damnit,Yelawolf,Mile Zero,Favorite Songs,Favorite,QZHZ32146477
Bodega Flowers,Skyzoo,Bodega Flowers,Favorite Songs,Favorite,QM6MZ2113136
Falling Up,Small Bills,Don't Play It Straight,Favorite Songs,Favorite,QM7282089835
Summer Meeting with a Buddy,Killah Priest,The Third Eye in Technicolor,Favorite Songs,Favorite,QZNWU2056887
Beat the Cancer,Lil B,The Silent President,Favorite Songs,Favorite,TCADP1824457
Jailbreak the Tesla (Feat. Aminé),Injury Reserve,Injury Reserve,Favorite Songs,Favorite,USC4R1902634
Addicted Youth,Hemlock Ernst,Back At The House,Favorite Songs,Favorite,US25X1902731
"I-78 / Capillaries,Preservation,""Eastern Medicine, Western Illness"",Favorite Songs,Favorite,USHKR0919505"
Blood is Thicker,Apollo Brown,As God Intended,Favorite Songs,Favorite,QM6MZ2095130
Deliverance,Sa-Roc,Deliverance - Single,Favorite Songs,Favorite,USBWK1900045
Fear of God (feat. DeJ Loaf),Conway the Machine,Fear of God (feat. DeJ Loaf),Favorite Songs,Favorite,USUYG1329867
Happy Timbuck2 Day,Lupe Fiasco,DROGAS WAVE,Favorite Songs,Favorite,US5KD1800023
Cripple (feat. Elena Pinderhughes),Lupe Fiasco,DROGAS WAVE,Favorite Songs,Favorite,US5KD1800020
Kingdom (feat. Damian Marley),Lupe Fiasco,DROGAS WAVE,Favorite Songs,Favorite,US5KD1800016
Wings of Icarus,Cambatta,LSD: Lunar Solar Duality,Favorite Songs,Favorite,QM6N22011927
Alignment,Navy Blue,Song of Sage: Post Panic!,Favorite Songs,Favorite,QZPLR2084059
Ich soll dich schön grüßen,Prezident,Alles ist voll von Göttern,Favorite Songs,Favorite,DEQ022000016
"Over Do It,Apollo Brown,""Sincerely, Detroit"",Favorite Songs,Favorite,QM7281922474"
Graphic Bleed Outs,Chris Keys,Innocent Country 2,Favorite Songs,Favorite,QM4TW2063832
Mic El JahXsun,Cambatta,LSD: Lunar Solar Duality,Favorite Songs,Favorite,QM6N22011922
Trenchcoat Wars,Roc Marciano,Mt. Marci,Favorite Songs,Favorite,TCAFG2052606
It Girl,Bladee,333,Favorite Songs,Favorite,SE5AJ2001073
DEAD VESSELS,Chimezie,BETTER TOGETHER,Favorite Songs,Favorite,QZFZ62179378
G.O.D.,Elzhi,Seven Times Down Eight Times Up,Favorite Songs,Favorite,US6680917445
24ours (Day & Night),Cambatta,LSD: Lunar Solar Duality,Favorite Songs,Favorite,QM6N22011920
Jet Black (feat. Brandy),Anderson .Paak,Ventura,Favorite Songs,Favorite,ZZOPM1900906
DISDAIN,Chimezie,BETTER TOGETHER,Favorite Songs,Favorite,QZFZ62179377
Reality Surf,Bladee,333,Favorite Songs,Favorite,SE5AJ2001071
China Bus,Deniro Farrar,Sole Food,Favorite Songs,Favorite,GBWUL2025300
Blue As I Can Be,Blu & Exile,Miles,Favorite Songs,Favorite,US6680916889
Lotus Place,Killah Priest,The Third Eye in Technicolor,Favorite Songs,Favorite,QZNWU2056883
Seven Seas,Curren$y,The OutRunners,Favorite Songs,Favorite,QM6P42088559
The One,Hemlock Ernst,Back At The House,Favorite Songs,Favorite,US25X1902733
Street Knowledge,Deniro Farrar,Sole Food,Favorite Songs,Favorite,GBWUL2025305
"WINDOWS (feat. SoGone SoFlexy),BROCKHAMPTON,""ROADRUNNER: NEW LIGHT, NEW MACHINE"",Favorite Songs,Favorite,USRC12100220"
More Gifts,MIKE,Weight of the World,Favorite Songs,Favorite,QZHN82028047
Spellbound,Cambatta,Holy Ghost 2,Favorite Songs,Favorite,QZFZ71945380
Freeze Tag,Felt,Felt 4 U,Favorite Songs,Favorite,USBWK2000157
Material Girl Meets the Devil Pt. 1,Material Girl,Disagreement 3,Favorite Songs,Favorite,TCAFF2075264
What's Real,Gang Starr,One Of The Best Yet,Favorite Songs,Favorite,USA2P1954013
Character,Loaded Lux,Manifest Destiny,Favorite Songs,Favorite,QZHN62101193
Tut mitunter weh,Prezident,Alles ist voll von Göttern,Favorite Songs,Favorite,DEQ022000007
5500,redveil,Niagara,Favorite Songs,Favorite,QZK6N2055187
nXggXr chrXst,Cambatta,LSD: Lunar Solar Duality,Favorite Songs,Favorite,QM6N22011915
Dough & Damani,Conway the Machine,From King To A GOD,Favorite Songs,Favorite,USUYG1332337
Piotr,DJ Muggs,Tuez-Les Tous,Favorite Songs,Favorite,USA2P1916968
Blur My Hands (feat. Guy Sebastian),Lupe Fiasco,Tetsuo & Youth,Favorite Songs,Favorite,USAT21405242
He Dead,clipping.,There Existed an Addiction to Blood,Favorite Songs,Favorite,USSUB1933003
90' IROC-Z (feat. Wiz Khalifa),Curren$y,The OutRunners,Favorite Songs,Favorite,QM6P42088556
Badnews,redveil,Niagara,Favorite Songs,Favorite,QZK6N2055186
Unto the Dust,Ka,Descendants of Cain,Favorite Songs,Favorite,TCAEU2095510
2 Know U,Ill Scholars,Ill Scholars,Favorite Songs,Favorite,US92U1903060
Nag Champa Cones,Killah Priest,The Third Eye in Technicolor,Favorite Songs,Favorite,QZNWU2056878
Takin' It Back,Godfather Don,Osmosis (Deluxe Edition),Favorite Songs,Favorite,DEQ022001851
Smarty Jones,Wiki,Fee Fi Fo Fum b/w Smarty Jones,Favorite Songs,Favorite,US92U1901275
Eggs,Wiki,Eggs,Favorite Songs,Favorite,US92U1901087
Trap Hall of Fame,Deniro Farrar,Trap Hall of Fame,Favorite Songs,Favorite,QZ4JJ1901817
Pizza Alley,Aesop Rock,Pizza Alley,Favorite Songs,Favorite,USBWK2000054
Every Now and Then,Ka,Descendants of Cain,Favorite Songs,Favorite,TCAEU2095503
Blue,Blu & Exile,Miles,Favorite Songs,Favorite,US6680916883
Dominance,Apollo Brown,Dominance,Favorite Songs,Favorite,QM7281922470
Don't Need Help,Lil B,Thugged out Pissed Off,Favorite Songs,Favorite,TCADP1841141
"Skimmin',Apollo Brown,""Sincerely, Detroit"",Favorite Songs,Favorite,QM7281922481"
Fixed and Dilated,Aesop Rock,Spirit World Field Guide,Favorite Songs,Favorite,USBWK2000066
Dear Lord,Blu & Exile,Miles,Favorite Songs,Favorite,US6680916897
God Bodies,Masta Ace,A Breukelen Story (Deluxe Edition),Favorite Songs,Favorite,US6680915573
Even Without You,Small Bills,Don't Play It Straight,Favorite Songs,Favorite,QM7282089836
"Did You Getcho Check, Lih Brah?,$ilkMoney,""Attack of the Future Shocked, Flesh Covered, Meatbags of the 85"",Favorite Songs,Favorite,TCAEW2084280"
AN IDEA IS A WORK OF ART,R.A.P. Ferreira,Purple Moonlight Pages,Favorite Songs,Favorite,US25X2000106
Wicked Days,Roc Marciano,Mt. Marci,Favorite Songs,Favorite,TCAFG2052611
Live by the Code,Apollo Brown,As God Intended,Favorite Songs,Favorite,QM6MZ2095141
"Baby Teeth,demahjiae,""And, Such Is Life."",Favorite Songs,Favorite,QZK6J2019475"
Rick James,Pink Siifu,FlySiifu's,Favorite Songs,Favorite,GBMYF2000085
"Scared,demahjiae,""And, Such Is Life."",Favorite Songs,Favorite,QZK6J2019474"
Breathe,Navy Blue,Song of Sage: Post Panic!,Favorite Songs,Favorite,QZPLR2084054
nXggXrla tXsla,Cambatta,LSD: Lunar Solar Duality,Favorite Songs,Favorite,QM6N22011921
With You,Noname,Room 25,Favorite Songs,Favorite,QM24S1834479
movienight,Kenny Segal,Kenstrumentals Vol. 4: a lot on my plate,Favorite Songs,Favorite,US25X2003525
Noblest Strive,Bladee,333,Favorite Songs,Favorite,SE5AJ2001072
Sins of the Father,Ka,Descendants of Cain,Favorite Songs,Favorite,TCAEU2095589
Babushka III,Your Old Droog,Dump YOD: Krutoy Edition,Favorite Songs,Favorite,USHKR0919808
Kriminel,Mach-Hommy,Pray For Haiti,Favorite Songs,Favorite,USUYG1371034
Richie,Skyzoo,Retropolitan,Favorite Songs,Favorite,QM6P41934346
Tea Break,Avantdale Bowling Club,Avantdale Bowling Club,Favorite Songs,Favorite,NZYB01800015
Down (feat. Nikki Jean),Lupe Fiasco,DROGAS WAVE,Favorite Songs,Favorite,US5KD1800007
Bob Marley,Flowdan,Disaster Piece,Favorite Songs,Favorite,GBEUE1500291
Ten Days,Skyzoo,Retropolitan,Favorite Songs,Favorite,QM6P41934345
Rap Song Tutorial,Injury Reserve,Injury Reserve,Favorite Songs,Favorite,USC4R1902663
"Wan Chai,Preservation,""Eastern Medicine, Western Illness"",Favorite Songs,Favorite,USHKR0919506"
High Wire,Deca,Snakes and Birds,Favorite Songs,Favorite,TCAFE2006009
The Kraken,Ill Scholars,Ill Scholars,Favorite Songs,Favorite,US92U1903064
Home,Avantdale Bowling Club,Avantdale Bowling Club,Favorite Songs,Favorite,NZYB01800013
Galvanize Pride,Googie,Hijinx,Favorite Songs,Favorite,QMBZ92022934
Dedicated,Jazz Spastiks,Camera of Sound,Favorite Songs,Favorite,GBMJG2100940
2mph,Dana Coppafeel,#Raplords,Favorite Songs,Favorite,USUYG1084075
Water Medley,Avantdale Bowling Club,Avantdale Bowling Club,Favorite Songs,Favorite,NZYB01800011
Still Love Her,Masta Ace,Fat Beats 25th Anniversary Compilation,Favorite Songs,Favorite,US6680915563
Du kommst nicht los,Prezident,Alles ist voll von Göttern,Favorite Songs,Favorite,DEQ022000005
Do What I Do,Godfather Don,Osmosis (Deluxe Edition),Favorite Songs,Favorite,DEQ022001852
Spinning Blossoms,Matt Evans,New Topographics,Favorite Songs,Favorite,QZDA52060012
Don't Worry,Bladee,333,Favorite Songs,Favorite,SE5AJ2001065
Jazz Loops,Jazz Spastiks,Camera of Sound,Favorite Songs,Favorite,GBMJG2100938
Weight,redveil,Niagara,Favorite Songs,Favorite,QZK6N2055185
Richard Pryor,Pink Siifu,Richard Pryor,Favorite Songs,Favorite,GBMYF2000080
Come Home (feat. André 3000),Anderson .Paak,Ventura,Favorite Songs,Favorite,ZZOPM1900899
Down,Hemlock Ernst,Down,Favorite Songs,Favorite,US25X1902732
Tanz auf dem Vulkan,Zugezogen Maskulin,Tanz auf dem Vulkan,Favorite Songs,Favorite,DEQ322000156
Smoke & Mirrors,Elzhi,Smoke & Mirrors,Favorite Songs,Favorite,US6680917437
Manu's Car,BROKEN_CANYON,Disagreement 3,Favorite Songs,Favorite,TCAFF2075160
Hustle Don't Give,Apollo Brown,Hustle Don't Give,Favorite Songs,Favorite,QM6MZ2095131
Family and Loyalty,Gang Starr,Family and Loyalty,Favorite Songs,Favorite,USA2P1947094
Smoking With Obama,Lil B,Thugged out Pissed Off,Favorite Songs,Favorite,TCADP1841150
PINBALL [dub],Kenny Segal,Kenstrumentals Vol. 4: a lot on my plate,Favorite Songs,Favorite,US25X2003535
"Can't Lose,Apollo Brown,""Sincerely, Detroit"",Favorite Songs,Favorite,QM7281922479"
To The Fall, But Not Forgotten,Blu & Exile,Miles,Favorite Songs,Favorite,US6680916898
Check Kenny [dub],Kenny Segal,Kenstrumentals Vol. 4: a lot on my plate,Favorite Songs,Favorite,US25X2003531
Creme's Interlude,Pink Siifu,FlySiifu's,Favorite Songs,Favorite,GBMYF2000090
"The Backbone,Apollo Brown,""Sincerely, Detroit"",Favorite Songs,Favorite,QM7281922477"
Letters from Saluco,Ill Scholars,Ill Scholars,Favorite Songs,Favorite,US92U1903072
Requiem Of Blue,Blu & Exile,Miles,Favorite Songs,Favorite,US6680916895
Bless The Fire [dub],Kenny Segal,Kenstrumentals Vol. 4: a lot on my plate,Favorite Songs,Favorite,US25X2003528
Borboleta,Felt,Felt 4 U,Favorite Songs,Favorite,USBWK2000163
Chicharonnes,Armand Hammer,Haram,Favorite Songs,Favorite,QM4TX2112209
Sea Bass,Navy Blue,Song of Sage: Post Panic!,Favorite Songs,Favorite,QZPLR2084055
Got Flicked (The Rebirth),Boldy James,Manger on McNichols,Favorite Songs,Favorite,TCAFD2073653
Like Me,Lil B,Blue Flame,Favorite Songs,Favorite,TCADP1821030
LEAVING HELL,R.A.P. Ferreira,Purple Moonlight Pages,Favorite Songs,Favorite,US25X2000104
Things We Do,Dana Coppafeel,#Raplords,Favorite Songs,Favorite,USUYG1084091
Sunken Place,Masta Ace,A Breukelen Story (Deluxe Edition),Favorite Songs,Favorite,US6680915567
Part of me,Noname,Room 25,Favorite Songs,Favorite,QM24S1834478
Fastlane,redveil,Niagara,Favorite Songs,Favorite,QZK6N2055191
"Lemon Rinds,Preservation,""Eastern Medicine, Western Illness"",Favorite Songs,Favorite,USHKR0919508"
Gobstopper,Elaquent,After Midnight,Favorite Songs,Favorite,CA6E81900113
Pray,Ka,Descendants of Cain,Favorite Songs,Favorite,TCAEU2095576
Grass,redveil,Niagara,Favorite Songs,Favorite,QZK6N2055190
Bright As Stars,Blu & Exile,Miles,Favorite Songs,Favorite,US6680916888
Regal,Noname,Room 25,Favorite Songs,Favorite,QM24S1834475
Something to Rap About (feat. Tyler, The Creator),Freddie Gibbs,Alfredo,Favorite Songs,Favorite,USUYG1312764
"The Edge of New Clothes,Open Mike Eagle,""Anime, Trauma and Divorce"",Favorite Songs,Favorite,USA2B1904077"
Hold It Down,Apollo Brown,As God Intended,Favorite Songs,Favorite,QM6MZ2095134
Odessa,Your Old Droog,Dump YOD: Krutoy Edition,Favorite Songs,Favorite,USHKR0919806
König Alkohol,Zugezogen Maskulin,10 Jahre Abfuck,Favorite Songs,Favorite,DEQ322000158
Pommelhorse,Armand Hammer,Shrines,Favorite Songs,Favorite,QM6MZ2053307
Money Orientated,Apollo Brown,As God Intended,Favorite Songs,Favorite,QM6MZ2095132
All in a Dream,Deca,Snakes and Birds,Favorite Songs,Favorite,TCAFE2005988
Jueles Trunk [VIP dub],Kenny Segal,Kenstrumentals Vol. 4: a lot on my plate,Favorite Songs,Favorite,US25X2003519
Kode,Loaded Lux,Manifest Destiny,Favorite Songs,Favorite,QZHN62101192
HAMARTIA,Chimezie,BETTER TOGETHER,Favorite Songs,Favorite,QZFZ62179372
Synonymisms,Googie,Hijinx,Favorite Songs,Favorite,QMBZ92022932
Don't Do Me Like That,Felt,Felt 4 U,Favorite Songs,Favorite,USBWK2000154
Code Naming,ANKHLEJOHN,As Above So Below,Favorite Songs,Favorite,QZNWV2075669
Little Dominiques Nosebleed, Pt. 1,The Koreatown Oddity,Little Dominiques Nosebleed,Favorite Songs,Favorite,US2S72034002
down.exe,Rav,SKIN,Favorite Songs,Favorite,QZFZ32074178
God Is Perfect,Freddie Gibbs,Alfredo,Favorite Songs,Favorite,USUYG1314082
Runnin,21 Savage,SAVAGE MODE II,Favorite Songs,Favorite,USSM12005346
Kin'tro,Pink Siifu,FlySiifu's,Favorite Songs,Favorite,GBMYF2000075
The Feeling,Blu,The Feeling,Favorite Songs,Favorite,US6680916886
The People (feat. Conway the Machine & Marc Scibilia) - Remix,Jim Jones,The People (Remix) [Feat. Conway the Machine & Marc Scibilia],Favorite Songs,Favorite,USUYG1318789
Intro,21 Savage,SAVAGE MODE II,Favorite Songs,Favorite,USSM12006042
Pay Day,Googie,Hijinx,Favorite Songs,Favorite,QMBZ92022929
Klingelton,Audio88,Klingelton,Favorite Songs,Favorite,DEQ022008166
Sunken Place (Remix),Masta Ace,A Breukelen Story (Deluxe Edition),Favorite Songs,Favorite,US6680916362
Enough,Navy Blue,Song of Sage: Post Panic!,Favorite Songs,Favorite,QZPLR2084061
The American Dream,Blu & Exile,Miles,Favorite Songs,Favorite,US6680916896
Roots Of Blue,Blu & Exile,Miles,Favorite Songs,Favorite,US6680916893
"Children Of Never,Preservation,""Eastern Medicine, Western Illness"",Favorite Songs,Favorite,USHKR0919512"
Tomorrow (feat. Megaman & Styalz Fuego),Wiley,The Ascent,Favorite Songs,Favorite,GBAHT1300068
Fließbandjob,Audio88,Todesliste,Favorite Songs,Favorite,DEQ022008167
Make It Home (feat. Kenny Sway),Jim Jones,The Fraud Department,Favorite Songs,Favorite,USUYG1358382
Chopper (feat. Billy Blue, Buk of Psychodrama, Trouble, Trae Tha Truth, Fam Lay & Glasses Malone),Lupe Fiasco,Tetsuo & Youth,Favorite Songs,Favorite,USAT21405279
When,Awon,Nothing Less,Favorite Songs,Favorite,QZDA52109824
Back At The House,Hemlock Ernst,Back At The House,Favorite Songs,Favorite,US25X1902736
Bucket List,Saba,Bucket List Project,Favorite Songs,Favorite,USUYG1115902
My Dawg,21 Savage,SAVAGE MODE II,Favorite Songs,Favorite,USSM12005347
Pounds of Paper,Curren$y,The OutRunners,Favorite Songs,Favorite,QM6P42088562
Lights On (feat. Angel & Tinchy Stryder),Wiley,The Ascent,Favorite Songs,Favorite,GBAHT1300067
You Ain't Never Been Blue,Blu & Exile,Miles,Favorite Songs,Favorite,US6680916890
Same Place,Lil B,The Silent President,Favorite Songs,Favorite,TCADP1824453
Little Death (feat. Nikki Jean),Lupe Fiasco,Tetsuo & Youth,Favorite Songs,Favorite,USAT21405247
Jargonne,Hemlock Ernst,Back At The House,Favorite Songs,Favorite,US25X1902734
Coffee and Sleeping Pills,Killah Priest,The Third Eye in Technicolor,Favorite Songs,Favorite,QZNWU2056884
Wherever,Mixed Matches,Opium,Favorite Songs,Favorite,QZK6P2019615
Baby $hit,Freddie Gibbs,Alfredo,Favorite Songs,Favorite,USUYG1314086
Night/Day/Work/Home,CFCF,memoryland,Favorite Songs,Favorite,USYBL2100446
Say A Prayer (feat. Curren$y & Jay Worthy),Jim Jones,The Fraud Department,Favorite Songs,Favorite,USUYG1358376
Daddy's Girl,Apollo Brown,As God Intended,Favorite Songs,Favorite,QM6MZ2095135
Montego Bae,Noname,Room 25,Favorite Songs,Favorite,QM24S1834476
Geist,OG Keemo,Geist,Favorite Songs,Favorite,DEW921901335
Wörtliche Rede,Retrogott,Metamusik,Favorite Songs,Favorite,QM4TW2109343
WAV Files,Lupe Fiasco,DROGAS WAVE,Favorite Songs,Favorite,US5KD1800006
Scarab 38 (feat. Action Bronson),Curren$y,The Marina,Favorite Songs,Favorite,USUYG1200882
Marie,Mach-Hommy,Pray For Haiti,Favorite Songs,Favorite,USUYG1371032
Fall of Feinix (666),Cambatta,LSD: Lunar Solar Duality,Favorite Songs,Favorite,QM6N22011917
Reload (feat. Chip & Ms D),Wiley,The Ascent,Favorite Songs,Favorite,GBAHT1300048
Gauze,Aesop Rock,Spirit World Field Guide,Favorite Songs,Favorite,USBWK2000053
Something Real,Sa-Roc,The Sharecropper's Daughter,Favorite Songs,Favorite,USBWK1900041
Mr. Right Now (feat. Drake),21 Savage,SAVAGE MODE II,Favorite Songs,Favorite,USSM12005343
Small Sounds,Jazz Spastiks,Camera of Sound,Favorite Songs,Favorite,GBMJG2100939
Detroit River Rock,Boldy James,Manger on McNichols,Favorite Songs,Favorite,TCAFD2073594
Prayer Song,Noname,Room 25,Favorite Songs,Favorite,QM24S1834472
Bloody Knuckles,Medhane,Own Pace,Favorite Songs,Favorite,QZHNA1934839
Everything,Little Brother,May the Lord Watch,Favorite Songs,Favorite,USUYG1267780
Judgement,Flowdan,Disaster Piece,Favorite Songs,Favorite,GBEUE1500286
Nebel,OG Keemo,Geist,Favorite Songs,Favorite,DEW921901331
Make It Better (feat. Smokey Robinson),Anderson .Paak,Ventura,Favorite Songs,Favorite,ZZOPM1900900
NOTHING2SOMETHING,Chimezie,BETTER TOGETHER,Favorite Songs,Favorite,QZFZ62179370
Black and White,Lil B,The Silent President,Favorite Songs,Favorite,TCADP1824437
ooh la la (feat. Greg Nice & DJ Premier),Greg Nice,ooh la la (feat. Greg Nice & DJ Premier),Favorite Songs,Favorite,QMRSZ2000720
Thousand Pills (feat. Stove God Cooks),Boldy James,Thousand Pills (feat. Stove God Cooks),Favorite Songs,Favorite,QMBZ92096952
"Dragon Town,Preservation,""Eastern Medicine, Western Illness"",Favorite Songs,Favorite,USHKR0919501"
Chosen,Flowdan,Disaster Piece,Favorite Songs,Favorite,GBEUE1500285
Rules to Join,Lil B,Thugged out Pissed Off,Favorite Songs,Favorite,TCADP1841142
Down [dub],Kenny Segal,Kenstrumentals Vol. 4: a lot on my plate,Favorite Songs,Favorite,US25X2003533
Allstar,MIKE,Weight of the World,Favorite Songs,Favorite,QZHN82028057
Picture This,Little Brother,May the Lord Watch,Favorite Songs,Favorite,USUYG1267789
Effervescence,Ill Scholars,Ill Scholars,Favorite Songs,Favorite,US92U1903069
Less Unsettled,Hemlock Ernst,Back At The House,Favorite Songs,Favorite,US25X1902737
Grand Number TheoRAM (GNT 1:1),Cambatta,LSD: Lunar Solar Duality,Favorite Songs,Favorite,QM6N22011923
"The Message,Slauson Malone,""A Quiet Farwell, Twenty Sixteen to Twenty Eighteen"",Favorite Songs,Favorite,QZES51921973"
"Correspondence,Preservation,""Eastern Medicine, Western Illness"",Favorite Songs,Favorite,USHKR0919510"
Everything,Deniro Farrar,Sole Food,Favorite Songs,Favorite,GBWUL2025245
Mask Up,Lil B,Bitch Mob Respect da Bitch,Favorite Songs,Favorite,TCADP1822820
Get Together,Gang Starr,One Of The Best Yet,Favorite Songs,Favorite,USA2P1954010
1491,Navy Blue,Song of Sage: Post Panic!,Favorite Songs,Favorite,QZPLR2084053
Coveralls,Aesop Rock,Spirit World Field Guide,Favorite Songs,Favorite,USBWK2000057
In the Coupe (feat. Jim Jones),Curren$y,The OutRunners,Favorite Songs,Favorite,QM6P42088560
North To South [VIP dub],Kenny Segal,Kenstrumentals Vol. 4: a lot on my plate,Favorite Songs,Favorite,US25X2003523
Sticks & Stones,Felt,Felt 4 U,Favorite Songs,Favorite,USBWK2000158
Quincy's March,Avantdale Bowling Club,Avantdale Bowling Club,Favorite Songs,Favorite,NZYB01800014
Many Men,21 Savage,SAVAGE MODE II,Favorite Songs,Favorite,USSM12005340
Normiefest,Zugezogen Maskulin,10 Jahre Abfuck,Favorite Songs,Favorite,DEQ322000159
Au Revoir,Black Alien,Abaixo de Zero: Hello Hell,Favorite Songs,Favorite,BXXEK1900007
goonies vs. E.T.,Run The Jewels,RTJ4,Favorite Songs,Favorite,QMRSZ2001022
Rich Nigga Shit (feat. Young Thug),21 Savage,SAVAGE MODE II,Favorite Songs,Favorite,USSM12005348
Cuban Links,Deniro Farrar,Sole Food,Favorite Songs,Favorite,GBWUL2025246
Gold and Chrome,Curren$y,The OutRunners,Favorite Songs,Favorite,QM6P42088557
Stephen Hawking,Lil B,Thugged out Pissed Off,Favorite Songs,Favorite,TCADP1841089
Runthafade,Pink Siifu,FlySiifu's,Favorite Songs,Favorite,GBMYF2000078
Stay Indoors,beat-trip,Disagreement 3,Favorite Songs,Favorite,TCAFF2075197
holy calamafuck,Run The Jewels,RTJ4,Favorite Songs,Favorite,QMRSZ2001320
Rap.de,Zugezogen Maskulin,10 Jahre Abfuck,Favorite Songs,Favorite,DEQ322000157
Suitcase Special,Pink Siifu,FlySiifu's,Favorite Songs,Favorite,GBMYF2000077
Celadon,Rav,SKIN,Favorite Songs,Favorite,QZFZ32074179
The Official,Elaquent,Green Apples and Oranges,Favorite Songs,Favorite,CA6E81300102
Sins,Deniro Farrar,Sole Food,Favorite Songs,Favorite,GBWUL2025236
"A Scholar’s Rock,Preservation,""Eastern Medicine, Western Illness"",Favorite Songs,Favorite,USHKR0919502"
Pocket Lint,Avantdale Bowling Club,Avantdale Bowling Club,Favorite Songs,Favorite,NZYB01800009
First Class (feat. Kano & Lethal Bizzle),Wiley,The Ascent,Favorite Songs,Favorite,GBAHT1300062
Airplane Mode Intro.wav,Tall Black Guy,Airplane Mode,Favorite Songs,Favorite,USDHM2103980
Weed in LA,The Koreatown Oddity,Weed in LA,Favorite Songs,Favorite,US2S72034007
Numerology,Nicholas Craven,Tha Myth Who Never Quit,Favorite Songs,Favorite,QZFYY1917805
Kimchi,The Koreatown Oddity,Kimchi,Favorite Songs,Favorite,US2S72034012
Never’s Enough,Felt,Felt 4 U,Favorite Songs,Favorite,USBWK2000152
In the Park,Wiki,In the Park,Favorite Songs,Favorite,QMPKX1889596
Full Squid,Matt Evans,New Topographics,Favorite Songs,Favorite,QZFZ52023414
E.T. Diamond,Small Bills,E.T. Diamond,Favorite Songs,Favorite,QM7282089828
'94,Apollo Brown,'94,Favorite Songs,Favorite,QM6MZ2095142
Elaine [VIP dub],Kenny Segal,Kenstrumentals Vol. 4: a lot on my plate,Favorite Songs,Favorite,US25X2003516
The Feel,Little Brother,May the Lord Watch,Favorite Songs,Favorite,USUYG1267778
Lauf,Audio88,Lauf,Favorite Songs,Favorite,DEQ022008161
Hello From The Spirit World,Aesop Rock,Spirit World Field Guide,Favorite Songs,Favorite,USBWK2000049
Mural Jr.,Lupe Fiasco,DROGAS WAVE,Favorite Songs,Favorite,US5KD1800024
Addicted Youth [dub],Kenny Segal,Kenstrumentals Vol. 4: a lot on my plate,Favorite Songs,Favorite,US25X2003536
The End,Blu & Exile,Miles,Favorite Songs,Favorite,US6680916900
Swan Lake,Bladee,333,Favorite Songs,Favorite,SE5AJ2001079
Ten Boxes - Sin Eater,Mach-Hommy,Pray For Haiti,Favorite Songs,Favorite,USUYG1371042
Humble Pie,Wiley,The Ascent,Favorite Songs,Favorite,GBAHT1300070
African Dream,Blu & Exile,Miles,Favorite Songs,Favorite,US6680916894
Gnosis - Instrumental,Godfather Don,Osmosis (Deluxe Edition),Favorite Songs,Favorite,DEQ022001861
Phone Bill,Boldy James,The Price Of Tea In China,Favorite Songs,Favorite,USUYG1294348
The Fowler's Snare,DJ Muggs,Tuez-Les Tous,Favorite Songs,Favorite,USA2P1916975
GOLDEN SPIRIT,Chimezie,BETTER TOGETHER,Favorite Songs,Favorite,QZFZ62179379
Get Rich Quick Scheme,MIKE,Weight of the World,Favorite Songs,Favorite,QZHN82028052
Old Justice,Ka,Descendants of Cain,Favorite Songs,Favorite,TCAEU2095594
Antimidas,Prezident,Alles ist voll von Göttern,Favorite Songs,Favorite,DEQ022000011
Potential,Elzhi,Seven Times Down Eight Times Up,Favorite Songs,Favorite,US6680917444
Snitches & Rats (Interlude),21 Savage,SAVAGE MODE II,Favorite Songs,Favorite,USSM12005352
Underwater (feat. Blimes),Felt,Felt 4 U,Favorite Songs,Favorite,USBWK2000159
The Masters Clock is X,Small Bills,Don't Play It Straight,Favorite Songs,Favorite,QM7282089829
Coppola,Chong Wizard,Midnight Sons,Favorite Songs,Favorite,QZNWT2068460
12 in 2000,Naked Flames,Disagreement 3,Favorite Songs,Favorite,TCAFF2075336
Ginkabiloba,The Koreatown Oddity,Little Dominiques Nosebleed,Favorite Songs,Favorite,US2S72034006
walking in the snow,Run The Jewels,RTJ4,Favorite Songs,Favorite,QMRSZ2001023
Chainsaw (A List) (feat. Wrigz & J2K & Kivanc),Wiley,The Ascent,Favorite Songs,Favorite,GBAHT1300065
Frank Lucas (feat. Benny the Butcher),Freddie Gibbs,Alfredo,Favorite Songs,Favorite,USUYG1314085
Sun of Whorus,Cambatta,LSD: Lunar Solar Duality,Favorite Songs,Favorite,QM6N22011916
99cent,Retrogott,Metamusik,Favorite Songs,Favorite,QM4TW2109342
On The Water (feat. Street Wiz),Curren$y,The Marina,Favorite Songs,Favorite,USUYG1200878
Huslin', Strugglin', Survivin',Nicholas Craven,Tha Myth Who Never Quit,Favorite Songs,Favorite,QZFYY1917808
Failed Attempt,Boldy James,Real Bad Boldy,Favorite Songs,Favorite,QMBZ92096953
From Home, to Work, and Back..,Tall Black Guy,8 Miles to Moenart,Favorite Songs,Favorite,GBMCZ0600678
Bohemian Groove,Ill Scholars,Ill Scholars,Favorite Songs,Favorite,US92U1903062
Die Sprache des Geldes,Retrogott,Metamusik,Favorite Songs,Favorite,QM4TW2109341
Beautiful,Killah Priest,The Third Eye in Technicolor,Favorite Songs,Favorite,QZNWU2056880
Les Plus Beaux - reprise de François and the Atlas Mountains,This Is The Kit,Rusty and Got Dusty EP,Favorite Songs,Favorite,UST841604603
EarlyBird Nightowl,Elzhi,Seven Times Down Eight Times Up,Favorite Songs,Favorite,US6680917438
Fire In The Streets,Awon,Nothing Less,Favorite Songs,Favorite,QZDA52109806
Shaka Zulu,Cambatta,Holy Ghost 2,Favorite Songs,Favorite,QZFZ71945377
Mural,Lupe Fiasco,Tetsuo & Youth,Favorite Songs,Favorite,USAT21405241
Final Destination,ANKHLEJOHN,As Above So Below,Favorite Songs,Favorite,QZNWV2075668
Kazakhstan,Your Old Droog,Dump YOD: Krutoy Edition,Favorite Songs,Favorite,USHKR0919802
Bones of Osiris,Cambatta,LSD: Lunar Solar Duality,Favorite Songs,Favorite,QM6N22011913
3am,Deniro Farrar,Exhibit Q,Favorite Songs,Favorite,AUMGB2000643
Lights Out,Gang Starr,One Of The Best Yet,Favorite Songs,Favorite,USA2P1954002
Welcome to 76,Boldy James,Manger on McNichols,Favorite Songs,Favorite,TCAFD2073555
Sommer Vorbei,Zugezogen Maskulin,Sommer Vorbei,Favorite Songs,Favorite,DEQ322000161
Everlasting Game,Awon,Everlasting Game,Favorite Songs,Favorite,QZDA52107946
Cheat Code,Wiki,Cheat Code,Favorite Songs,Favorite,GBBKS1900003
E.A.T.,DJ Premier,E.A.T.,Favorite Songs,Favorite,US6680915727
Worth,Rav,SKIN,Favorite Songs,Favorite,QZFZ32074177
Nothing is Safe,clipping.,Nothing is Safe,Favorite Songs,Favorite,USSUB1933002
Everytime I Fail,Lil B,Thugged out Pissed Off,Favorite Songs,Favorite,TCADP1841137
Imagine (feat. Simon Sayz & Crystal Torres),Lupe Fiasco,DROGAS WAVE,Favorite Songs,Favorite,US5KD1800018
Da Screets,MIKE,Weight of the World,Favorite Songs,Favorite,QZHN82028056
RIP Luv,21 Savage,SAVAGE MODE II,Favorite Songs,Favorite,USSM12005341
Au Revoir (feat. Melanie Charles),Mach-Hommy,Pray For Haiti,Favorite Songs,Favorite,USUYG1371040
XO (feat. Troi Irons),Lupe Fiasco,DROGAS WAVE,Favorite Songs,Favorite,US5KD1800013
"A Cure For The Common,Preservation,""Eastern Medicine, Western Illness"",Favorite Songs,Favorite,USHKR0919511"
no name,Noname,Room 25,Favorite Songs,Favorite,QM24S1834480
War Paint (feat. Westside Gunn & Conway the Machine),Benny The Butcher,Burden of Proof,Favorite Songs,Favorite,USUYG1337332
Ubiquitous,Deniro Farrar,Sole Food,Favorite Songs,Favorite,GBWUL2046045
Twilight,Anderson .Paak,Ventura,Favorite Songs,Favorite,ZZOPM1900907
Schip Van Theseus,Krullebol,Disagreement 3,Favorite Songs,Favorite,TCAFF2075368
Romantic Paris [dub],Kenny Segal,Kenstrumentals Vol. 4: a lot on my plate,Favorite Songs,Favorite,US25X2003524
Shloww,Pink Siifu,FlySiifu's,Favorite Songs,Favorite,GBMYF2000083
Sunchoke,Small Bills,Don't Play It Straight,Favorite Songs,Favorite,QM7282089831
Skinny Suge,Freddie Gibbs,Alfredo,Favorite Songs,Favorite,USUYG1314088
Steel Vagina,Roc Marciano,Mt. Marci,Favorite Songs,Favorite,TCAFG2052588
Self Harm,Navy Blue,Song of Sage: Post Panic!,Favorite Songs,Favorite,QZPLR2084052
The Based One,Lil B,The Silent President,Favorite Songs,Favorite,TCADP1824451
Run for Your Life,clipping.,There Existed an Addiction to Blood,Favorite Songs,Favorite,USSUB1933008
NuMirrorcal,Cambatta,LSD: Lunar Solar Duality,Favorite Songs,Favorite,QM6N22011919
Frida,Armand Hammer,Shrines,Favorite Songs,Favorite,QM6MZ2053310
Comfortable Place,Tall Black Guy,Airplane Mode,Favorite Songs,Favorite,USDHM2103986
Magic City,Deniro Farrar,Re-up,Favorite Songs,Favorite,QZ85M1905825
Sunshine,Awon,Nothing Less,Favorite Songs,Favorite,QZDA52109813
Natural,Klaus Layer,Eternal Visions,Favorite Songs,Favorite,DELJ82070717
Dayjahview,Loaded Lux,Manifest Destiny,Favorite Songs,Favorite,QZHN62101194
Honest Living Crooked Killing,Chong Wizard,Midnight Sons,Favorite Songs,Favorite,QZNWT2068459
Yada Yada,Anderson .Paak,Ventura,Favorite Songs,Favorite,ZZOPM1900904
"Love I & the Color of Bone,demahjiae,""And, Such Is Life."",Favorite Songs,Favorite,QZK6J2019468"
Black Magic (Make It Better),Little Brother,May the Lord Watch,Favorite Songs,Favorite,USUYG1267782
Solitude of Enoch,Ka,Descendants of Cain,Favorite Songs,Favorite,TCAEU2095519
Carry the Tradition,Skyzoo,Retropolitan,Favorite Songs,Favorite,QM6P41934342
Hero of My Story 3style3,Bladee,333,Favorite Songs,Favorite,SE5AJ2001067
GTFU (Feat. JPEGMAFIA & Cakes da Killa),Injury Reserve,Injury Reserve,Favorite Songs,Favorite,USC4R1902660
Silent President,Lil B,The Silent President,Favorite Songs,Favorite,TCADP1824439
Clay Pigeons,Deca,Snakes and Birds,Favorite Songs,Favorite,TCAFE2005981
Patron Saints,Ka,Descendants of Cain,Favorite Songs,Favorite,TCAEU2095514
Scottie Beam,Freddie Gibbs,Alfredo,Favorite Songs,Favorite,USUYG1314083
Big Bad Wolf,Googie,Hijinx,Favorite Songs,Favorite,QMBZ92022930
"Pressed,demahjiae,""And, Such Is Life."",Favorite Songs,Favorite,QZK6J2019465"
Tired,Navy Blue,Song of Sage: Post Panic!,Favorite Songs,Favorite,QZPLR2084046
Alert*,MIKE,Weight of the World,Favorite Songs,Favorite,QZHN82028043
Years Gone By,Avantdale Bowling Club,Avantdale Bowling Club,Favorite Songs,Favorite,NZYB01800008
Normaler Samt,Audio88,Normaler Samt,Favorite Songs,Favorite,DEQ121430260
Homicide,Deniro Farrar,Re-up,Favorite Songs,Favorite,QZ85M1905821
Banneker's Almanac,Small Bills,Banneker's Almanac,Favorite Songs,Favorite,QM7282089833
Anti-Social,Apollo Brown,As God Intended,Favorite Songs,Favorite,QM6MZ2095129
Cold Moon,Matt Evans,Cold Moon,Favorite Songs,Favorite,QZFZ32040628
Offloading,Curren$y,The OutRunners,Favorite Songs,Favorite,QM6P42088554
I Am a Thug,Lil B,Thugged out Pissed Off,Favorite Songs,Favorite,TCADP1841127
Quotations from Chairman Fred (feat. Nikki Jean & Bishop Edgar Jackson),Lupe Fiasco,DROGAS WAVE,Favorite Songs,Favorite,US5KD1800022
When You Fall…,Chris Keys,Innocent Country 2,Favorite Songs,Favorite,QM4TW2063834
"Mouth Of A River,Preservation,""Eastern Medicine, Western Illness"",Favorite Songs,Favorite,USHKR0919513"
Opposite Hues,Dana Coppafeel,#Raplords,Favorite Songs,Favorite,USUYG1084093
Flavor Flav,Armand Hammer,Shrines,Favorite Songs,Favorite,QM6MZ2053313
All Glass,Freddie Gibbs,Alfredo,Favorite Songs,Favorite,USUYG1314089
No Llores,The Koreatown Oddity,Little Dominiques Nosebleed,Favorite Songs,Favorite,US2S72034010
Stone Soup,Hemlock Ernst,Back At The House,Favorite Songs,Favorite,US25X1902735
The Apple,Apollo Brown,As God Intended,Favorite Songs,Favorite,QM6MZ2095137
Spent Casings,DJ Muggs,Tuez-Les Tous,Favorite Songs,Favorite,USA2P1916972
Birth of Bold (The Christening),Boldy James,Manger on McNichols,Favorite Songs,Favorite,TCAFD2073643
Malchishka Krutoy,Your Old Droog,Dump YOD: Krutoy Edition,Favorite Songs,Favorite,USHKR0919807
Scale of Anubis,Cambatta,LSD: Lunar Solar Duality,Favorite Songs,Favorite,QM6N22011918
Clench,redveil,Niagara,Favorite Songs,Favorite,QZK6N2055189
Music Is My Everything,Blu & Exile,Miles,Favorite Songs,Favorite,US6680916887
Club Down,clipping.,There Existed an Addiction to Blood,Favorite Songs,Favorite,USSUB1933006
"Not the Cat Y'all Saw Yesterday,$ilkMoney,""Attack of the Future Shocked, Flesh Covered, Meatbags of the 85"",Favorite Songs,Favorite,TCAEW2084199"
Mugello Red (feat. Rick Ross),Curren$y,The OutRunners,Favorite Songs,Favorite,QM6P42088558
Old Dogs,Avantdale Bowling Club,Avantdale Bowling Club,Favorite Songs,Favorite,NZYB01800012
La Mala Ordina,clipping.,There Existed an Addiction to Blood,Favorite Songs,Favorite,USSUB1933005
Crystal Clear,Godfather Don,Osmosis (Deluxe Edition),Favorite Songs,Favorite,DEQ022001854
Dots & Lines,Lupe Fiasco,Tetsuo & Youth,Favorite Songs,Favorite,USAT21405243
Gnosis,Godfather Don,Osmosis (Deluxe Edition),Favorite Songs,Favorite,DEQ022001853
33,Cambatta,LSD: Lunar Solar Duality,Favorite Songs,Favorite,QM6N22011914
Moon Country Overture,Moon Country,Disagreement 3,Favorite Songs,Favorite,TCAFF2075189
F(r)iends,Avantdale Bowling Club,Avantdale Bowling Club,Favorite Songs,Favorite,NZYB01800010
Der Erfolg,Zugezogen Maskulin,10 Jahre Abfuck,Favorite Songs,Favorite,DEQ322000155
Soon Jah Due,Mach-Hommy,Mach's Hard Lemonade,Favorite Songs,Favorite,QZH4F1900260
Rugby,Da Buze Bruvaz,Adebesi Hat Recut,Favorite Songs,Favorite,US6680916430
Cutlass Cathedrals,Curren$y,The OutRunners,Favorite Songs,Favorite,QM6P42088555
Glorious,Skyzoo,Retropolitan,Favorite Songs,Favorite,QM6P41934340
Where Would I Go (feat. Rick Ross),Benny The Butcher,Burden of Proof,Favorite Songs,Favorite,USUYG1337323
Morning Rider,Klaus Layer,Da Master,Favorite Songs,Favorite,DELJ82045451
Área 51,Black Alien,Abaixo de Zero: Hello Hell,Favorite Songs,Favorite,BXXEK1900002
Looking Back from the Future,The Koreatown Oddity,Little Dominiques Nosebleed,Favorite Songs,Favorite,US2S72034001
Mind Right,Pink Siifu,Mind Right,Favorite Songs,Favorite,GBMYF2000082
WUP,Audio88,WUP,Favorite Songs,Favorite,DEQ022008163
True & Livin’,Blu,True & Livin',Favorite Songs,Favorite,US6680915988
Nothing Less,Awon,Nothing Less,Favorite Songs,Favorite,QZNWZ2094069
Sir Benni Miles,Armand Hammer,Haram,Favorite Songs,Favorite,QM4TX2112199
Manifesto,Loaded Lux,Manifest Destiny,Favorite Songs,Favorite,QZHN62101189
Can't Have Me Nothing,Marlowe,Marlowe 2,Favorite Songs,Favorite,QM6MZ2063248
Million Dollar Deal,Yelawolf,Yelawolf Blacksheep,Favorite Songs,Favorite,US7VG2133302
Menneskekollektivet,Lost Girls,Menneskekollektivet,Favorite Songs,Favorite,NOSTS2184010
Losing Something,Lost Girls,Menneskekollektivet,Favorite Songs,Favorite,NOSTS2184020
The Official,Elaquent,Komfort Food,Favorite Songs,Favorite,CA6E81300102
Stakes Is High,Juicy the Emissary,Komfort Food,Favorite Songs,Favorite,uscgh2121117
The Look,Elaquent,Komfort Food,Favorite Songs,Favorite,FR3Y90900131
Illicit Fields,Ka,Honor Killed the Samurai,Favorite Songs,Favorite,TCACQ1683141
protective styles (feat. Abby T.),McKinley Dixon,For My Mama And Anyone Who Look Like Her,Favorite Songs,Favorite,QMDN22000109
Taking Off,clipping.,CLPPNG,Favorite Songs,Favorite,USSUB1407105
Nihilism,L'Orange,Imaginary Everything,Favorite Songs,Favorite,QM4TX2115224
Corner Store Scandal,L'Orange,Imaginary Everything,Favorite Songs,Favorite,QM4TX2115227
Lyra,L'Orange,Imaginary Everything,Favorite Songs,Favorite,QM4TX2115223
Black Sunlight,Armand Hammer,Haram,Favorite Songs,Favorite,QM4TX2112201
Aubergine,Armand Hammer,Haram,Favorite Songs,Favorite,QM4TX2112203
God's Feet,Armand Hammer,Haram,Favorite Songs,Favorite,QM4TX2112204
Scaffolds,Armand Hammer,Haram,Favorite Songs,Favorite,QM4TX2112206
Wishing Bad,Armand Hammer,Haram,Favorite Songs,Favorite,QM4TX2112208
Squeegee,Armand Hammer,Haram,Favorite Songs,Favorite,QM4TX2112210
Culture-Ish,Skyzoo,All the Brilliant Things,Favorite Songs,Favorite,QM6MZ2113142
The People (feat. Conway the Machine & Marc Scibilia) - Remix,Jim Jones,The Fraud Department,Favorite Songs,Favorite,USUYG1318789
Crescent Reflection,iblss,Mad Space,Favorite Songs,Favorite,QZK6M1900584
True Truths,iblss,Mad Space,Favorite Songs,Favorite,QZK6M1900583
'94 the Dog Year,iblss,Mad Space,Favorite Songs,Favorite,QZK6M1900575
Chopped Cheese,iblss,Mad Space,Favorite Songs,Favorite,QZK6M1900577
BAN,iblss,Mad Space,Favorite Songs,Favorite,QZK6M1900582
4YOU,Brwnsounds,WITH LOVE.,Favorite Songs,Favorite,QZFZ42114267
SAROS,Brwnsounds,WITH LOVE.,Favorite Songs,Favorite,QZFZ42114271
SOMETIMES/NEVERMIND,Brwnsounds,WITH LOVE.,Favorite Songs,Favorite,QZFZ42114272
In the S.T.R.E.E.T.S.,Ill Conscious,Logistix,Favorite Songs,Favorite,QZFZ41926004
Renaissance,Ill Conscious,Logistix,Favorite Songs,Favorite,QZFZ41926007
295,Ill Conscious,Logistix,Favorite Songs,Favorite,QZFZ41926010
Caviar,Ill Conscious,Logistix,Favorite Songs,Favorite,QZFZ41926011
Represent to the Fullest - Remix,Ill Conscious,Logistix,Favorite Songs,Favorite,QZFZ41926013
Bad Publicity (feat. Krondon),Evidence,Weather or Not,Favorite Songs,Favorite,USBWK1700093
Won't Give Up The Danger (feat. Murkage Dave),Evidence,Unlearning Vol. 1,Favorite Songs,Favorite,USBWK2000319
Pétalos Doblados (feat. Israel B),Dano,Istmo,Favorite Songs,Favorite,QM6N21818259
Doin Tew Much. (In My Mama Name),Pink Siifu,GUMBO'!,Favorite Songs,Favorite,QM24S2105377
Get Urs,Rigz,Wake Ups,Favorite Songs,Favorite,TCAFR2143236
Let Me,Rigz,Wake Ups,Favorite Songs,Favorite,TCAFR2143238
Swole Hearted,Rigz,Wake Ups,Favorite Songs,Favorite,TCAFR2143255
bwo,Neromun,Cuck,Favorite Songs,Favorite,QM6P41939110
Garfield,Neromun,Cuck,Favorite Songs,Favorite,QM6P41939114
Zins,Neromun,Cuck,Favorite Songs,Favorite,QM6P41939115
Ausgang,Neromun,Cuck,Favorite Songs,Favorite,QM6P41939117
Bauchredner,Neromun,Cuck,Favorite Songs,Favorite,QM6P41939105
Schandtat,Neromun,Cuck,Favorite Songs,Favorite,QM6P41939106
Latecapsfinest,Neromun,Cuck,Favorite Songs,Favorite,QM6P41939108
WUP,Audio88,Todesliste,Favorite Songs,Favorite,DEQ022008163
Freunde,Audio88,Todesliste,Favorite Songs,Favorite,DEQ022008160
Schlechtes Gewissen,Audio88,Todesliste,Favorite Songs,Favorite,DEQ022010360
Plus 1,Audio88,Todesliste,Favorite Songs,Favorite,DEQ022008158
Vater Mutter Kind,Audio88,Todesliste,Favorite Songs,Favorite,DEQ022008159
Lauf,Audio88,Todesliste,Favorite Songs,Favorite,DEQ022008161
Mann der Stunde,Retrogott,Metamusik,Favorite Songs,Favorite,QM4TW2109345
Hades Was A Hoe,Vic Spencer,Psychological Cheat Sheet 2,Favorite Songs,Favorite,QZDA82170480
Deliver Us from Evil,Ransom,Deleted Scenes,Favorite Songs,Favorite,TCAFF2030240
"SIR BAUDELAIRE (feat. DJ Drama),""Tyler, The Creator"",CALL ME IF YOU GET LOST,Favorite Songs,Favorite,USQX92102129"
Corner,Alcynoos,Shapes,Favorite Songs,Favorite,DEQ022005050
Dont Leave,Zelooperz,Van Goghs Left Ear,Favorite Songs,Favorite,QZK6L2185998
Bluez,Zelooperz,Van Goghs Left Ear,Favorite Songs,Favorite,QZK6L2186001
Essential Worker,Zelooperz,Van Goghs Left Ear,Favorite Songs,Favorite,QZK6L2185992
Crying in The Club,Zelooperz,Van Goghs Left Ear,Favorite Songs,Favorite,QZK6L2185995
Lejos,Dano,Istmo,Favorite Songs,Favorite,QM6N21818263
Same Way,Rome Streetz,Razor's Edge,Favorite Songs,Favorite,QZK6P2131906
Madrugada (feat. Ergo Pro),Dano,Istmo,Favorite Songs,Favorite,QM6N21818261
De la Mano,Dano,Istmo,Favorite Songs,Favorite,QM6N21818257
Satellites,Zelooperz,Van Goghs Left Ear,Favorite Songs,Favorite,QZK6L2186003
lng hair dnt care,Pink Siifu,GUMBO'!,Favorite Songs,Favorite,QM24S2103863
El Igloo,Dano,Istmo,Favorite Songs,Favorite,QM6N21818258
Oro Entre los Puños,Dano,Istmo,Favorite Songs,Favorite,QM6N21818256
Most High,Rome Streetz,Razor's Edge,Favorite Songs,Favorite,QZK6P2131904
Each and Every Moment,Zelooperz,Van Goghs Left Ear,Favorite Songs,Favorite,QZK6L2185989
Sharks Smell Blood,Evidence,Unlearning Vol. 1,Favorite Songs,Favorite,USBWK2000316
Pardon Me,Evidence,Unlearning Vol. 1,Favorite Songs,Favorite,USBWK2000317
All Of That Said (feat. Boldy James),Evidence,Unlearning Vol. 1,Favorite Songs,Favorite,USBWK2000318
Lost In Time (Park Jams),Evidence,Unlearning Vol. 1,Favorite Songs,Favorite,USBWK2000324
Delay The Issue (feat. Fly Anakin),Evidence,Unlearning Vol. 1,Favorite Songs,Favorite,USBWK2000325
Taylor Made Suit,Evidence,Unlearning Vol. 1,Favorite Songs,Favorite,USBWK2000326
Where We Going From Here...,Evidence,Unlearning Vol. 1,Favorite Songs,Favorite,USBWK2000327
Ukraine,Your Old Droog,Dump YOD: Krutoy Edition,Favorite Songs,Favorite,USHKR0919803
Icee Shop/Entrées,Your Old Droog,Tha YOD Fahim,Favorite Songs,Favorite,US6680917750
Questions,Your Old Droog,Tha YOD Fahim,Favorite Songs,Favorite,US6680917762
90 From The Line Remix (Šarūnas Marčiulionis),Your Old Droog,Tha YOD Fahim,Favorite Songs,Favorite,US6680917763
Sexy Jawn,Wiki,Telephonebooth,Favorite Songs,Favorite,QZHN82107543
Nothing Less,Awon,Nothing Less,Favorite Songs,Favorite,QZNWZ2094069
Fuck a 16,iblss,Mad Space,Favorite Songs,Favorite,QZK6M1900589
BACK’!,Pink Siifu,GUMBO'!,Favorite Songs,Favorite,QM24S2105378
Headshots (4r Da Locals),Isaiah Rashad,The House Is Burning,Favorite Songs,Favorite,USWB12101513
Score (feat. SZA & 6LACK),Isaiah Rashad,The House Is Burning,Favorite Songs,Favorite,USWB12102082
The Cool Out,Awon,Nothing Less,Favorite Songs,Favorite,QZDA52109819
Business Or Art,Gang Starr,One Of The Best Yet,Favorite Songs,Favorite,USA2P1954007
Blood of the Fang,clipping.,There Existed an Addiction to Blood,Favorite Songs,Favorite,USSUB1933012
Take_it_Back_v2,Denzel Curry,UNLOCKED,Favorite Songs,Favorite,USC4R1902910
Forever Droppin Tears (feat. El Camino),Conway the Machine,From King To A GOD,Favorite Songs,Favorite,USUYG1332347
Nothin Less,Conway the Machine,From King To A GOD,Favorite Songs,Favorite,USUYG1332349
One Way Flight (feat. Freddie Gibbs),Benny The Butcher,Burden of Proof,Favorite Songs,Favorite,USUYG1337325
Famous,Benny The Butcher,Burden of Proof,Favorite Songs,Favorite,USUYG1337326
Timeless (feat. Lil Wayne & Big Sean),Benny The Butcher,Timeless (feat. Lil Wayne & Big Sean),Favorite Songs,Favorite,USUYG1336173
Trade It All,Benny The Butcher,Burden of Proof,Favorite Songs,Favorite,USUYG1337330
Carruth,Boldy James,The Price Of Tea In China,Favorite Songs,Favorite,USUYG1294337
Miles Davis,Blu,Miles Davis,Favorite Songs,Favorite,US6680916885
Miles Away,Blu & Exile,Miles,Favorite Songs,Favorite,US6680916891
Grey October,Boldy James,The Price Of Tea In China,Favorite Songs,Favorite,USUYG1294345
Willie Gets Lynched,Add-2,Jim Crow the Musical,Favorite Songs,Favorite,QZHNB1965089
Little Vicious (feat. Eto),Boldy James,Real Bad Boldy,Favorite Songs,Favorite,QMBZ92096954
Souls 4 Sale (Soul'd Out),Add-2,Jim Crow the Musical,Favorite Songs,Favorite,QZHNB1965079
The Secret Life of Blacks,Add-2,Jim Crow the Musical,Favorite Songs,Favorite,QZHNB1965074
Jump the Broom,Add-2,Jim Crow the Musical,Favorite Songs,Favorite,QZHNB1965083
Young Niggas (Maintain),Add-2,Jim Crow the Musical,Favorite Songs,Favorite,QZHNB1965078
Held Me Down,Boldy James,Real Bad Boldy,Favorite Songs,Favorite,QMBZ92096956
OMENS & TOTEMS,R.A.P. Ferreira,Purple Moonlight Pages,Favorite Songs,Favorite,US25X2000097
PINBALL,R.A.P. Ferreira,Purple Moonlight Pages,Favorite Songs,Favorite,US25X2000108
Slabs of the Sunburnt West,Hemlock Ernst,Back At The House,Favorite Songs,Favorite,US25X1902730
Bless The Fire,Hemlock Ernst,Back At The House,Favorite Songs,Favorite,US25X1902729
Messy,Hemlock Ernst,Back At The House,Favorite Songs,Favorite,US25X1902728
North To South,Hemlock Ernst,Back At The House,Favorite Songs,Favorite,US25X1902727
Outro / Honest,Chris Keys,Innocent Country 2,Favorite Songs,Favorite,QM4TW2063821
Grease from the Elbows,Chris Keys,Innocent Country 2,Favorite Songs,Favorite,QM4TW2063827
Make It Better,Chris Keys,Innocent Country 2,Favorite Songs,Favorite,QM4TW2063831
Post Panic!,Navy Blue,Song of Sage: Post Panic!,Favorite Songs,Favorite,QZPLR2084047
Certainty,Navy Blue,Song of Sage: Post Panic!,Favorite Songs,Favorite,QZPLR2084049
So.Incredible.pkg,Denzel Curry,UNLOCKED,Favorite Songs,Favorite,USC4R1902914
Through the Fog,Rav,SKIN,Favorite Songs,Favorite,QZFZ32074180
Breathing Underwater for Dummies,Rav,SKIN,Favorite Songs,Favorite,QZFZ32074182
Sat Night Part 2,Kenny Segal,A Worthwhile Fortress (Selected Intros from STFDC),Favorite Songs,Favorite,US25X1089422
050415_MikeNewBassIdeas.aif,Kenny Segal,A Worthwhile Fortress (Selected Instros From STFDC),Favorite Songs,Favorite,US25X1089423
110814_NewPhonePhuckup.aif,Kenny Segal,A Worthwhile Fortress (Selected Instros From STFDC),Favorite Songs,Favorite,US25X1089426
Pyro (leak 2019),Denzel Curry,UNLOCKED,Favorite Songs,Favorite,USC4R1902912
DIET_,Denzel Curry,UNLOCKED,Favorite Songs,Favorite,USC4R1902913
Clean,Pink Siifu,FlySiifu's,Favorite Songs,Favorite,GBMYF2000089
Slabs [dub],Kenny Segal,Kenstrumentals Vol. 4: a lot on my plate,Favorite Songs,Favorite,US25X2003521
Jargonne [dub],Kenny Segal,Kenstrumentals Vol. 4: a lot on my plate,Favorite Songs,Favorite,US25X2003520
I Love (Mimi, Moms, Kev),Ka,Descendants of Cain,Favorite Songs,Favorite,TCAEU2095598
Outro,OG Keemo,Geist,Favorite Songs,Favorite,DEW921901342
Faust,OG Keemo,Geist,Favorite Songs,Favorite,DEW921901341
Neuner,OG Keemo,Geist,Favorite Songs,Favorite,DEW921901339
Daimajin,OG Keemo,Geist,Favorite Songs,Favorite,DEW921901337
Last Summer,Lil B,Evil Red Flame,Favorite Songs,Favorite,TCADP1822059
Goodbye,Lil B,Blue Flame,Favorite Songs,Favorite,TCADP1821068
Bashido Blade,Lil B,Evil Red Flame,Favorite Songs,Favorite,TCADP1822043
Tell Me Yours,Propaganda,Crimson Cord,Favorite Songs,Favorite,USACX1400222
Redeem,Propaganda,Crimson Cord,Favorite Songs,Favorite,USACX1400221
Beautiful Pain,Propaganda,Art Ambidextrous,Favorite Songs,Favorite,USACX1100098
I Ain't Gave Up On You Yet,Propaganda,Crimson Cord,Favorite Songs,Favorite,USACX1400216
Crimson Cord,Propaganda,Crimson Cord,Favorite Songs,Favorite,USACX1400211
Excellent,Propaganda,Excellent,Favorite Songs,Favorite,USACX1202071
Beautiful Pain - Edit,Propaganda,Selected Songs,Favorite Songs,Favorite,USM2C1601905
Radar Tower,Curren$y,The Marina,Favorite Songs,Favorite,USUYG1200884
Spurs 3 (feat. Benny The Butcher & Westside Gunn),Conway the Machine,From King To A GOD,Favorite Songs,Favorite,USUYG1332346
Fee Fi Fo Fum,Wiki,Fee Fi Fo Fum b/w Smarty Jones,Favorite Songs,Favorite,US92U1901274
r(E)volution,Sa-Roc,r(E)volution,Favorite Songs,Favorite,USBWK1900049
Seen Everything But Jesus (feat. Freddie Gibbs),Conway the Machine,Seen Everything But Jesus (feat. Freddie Gibbs),Favorite Songs,Favorite,USUYG1332344
Clout Dracula (Remix),Mach-Hommy,Mach's Hard Lemonade,Favorite Songs,Favorite,QZH4F2000002
What's Home 1/2,MIKE,Weight of the World,Favorite Songs,Favorite,QZHN82028048
Squeaky Hinge,Mach-Hommy,Squeaky Hinge,Favorite Songs,Favorite,QZH4F1900266
yankee and the brave (ep. 4),Run The Jewels,yankee and the brave (ep. 4),Favorite Songs,Favorite,QMRSZ2000762
We All Want Something,The Koreatown Oddity,Little Dominiques Nosebleed,Favorite Songs,Favorite,US2S72034014
Little Dominiques Nosebleed Outro,The Koreatown Oddity,Little Dominiques Nosebleed,Favorite Songs,Favorite,US2S72034016
Lap of Luxury,The Koreatown Oddity,Little Dominiques Nosebleed,Favorite Songs,Favorite,US2S72034015
The World's Smallest Violin,The Koreatown Oddity,Little Dominiques Nosebleed,Favorite Songs,Favorite,US2S72034013
Marshmallow Test,Mach-Hommy,Mach's Hard Lemonade,Favorite Songs,Favorite,QZH4F1900261
Fucked Up (feat. Belly),Jim Jones,The Fraud Department,Favorite Songs,Favorite,USUYG1358373
Ruiner,Phonebox,Disagreement 3,Favorite Songs,Favorite,TCAFF2075344
Manilla,Lupe Fiasco,DROGAS WAVE,Favorite Songs,Favorite,US5KD1800003
Grounded,Sa-Roc,The Sharecropper's Daughter,Favorite Songs,Favorite,USBWK1900054
Can You Hear Me? (ayayaya) (feat. Skepta, JME & Ms D),Wiley,The Ascent,Favorite Songs,Favorite,GBAHT1200558
They.Resurrect.Over.New. (feat. Ab-Soul & Troi),Lupe Fiasco,Tetsuo & Youth,Favorite Songs,Favorite,USAT21405252
NO STARVING ARTISTS,R.A.P. Ferreira,Purple Moonlight Pages,Favorite Songs,Favorite,US25X2000103
Debold,Vegyn,Only Diamonds Cut Diamonds,Favorite Songs,Favorite,GBKPL1967216
Rauschen,Retrogott,Metamusik,Favorite Songs,Favorite,QM4TW2109349
Psylense of the Lambatta,Cambatta,LSD: Lunar Solar Duality,Favorite Songs,Favorite,QM6N22011926
"Adoration of the Magi (feat. Crystal ""Røvél"" Torres),Lupe Fiasco,Tetsuo & Youth,Favorite Songs,Favorite,USAT21405251"
Lunar Soular,Cambatta,LSD: Lunar Solar Duality,Favorite Songs,Favorite,QM6N22011925
Schlechtes Gewissen,Audio88,Schlechtes Gewissen,Favorite Songs,Favorite,DEQ022010360
Y.B.I. (The Drum Majors Remix),Masta Ace,A Breukelen Story (Deluxe Edition),Favorite Songs,Favorite,US6680916363
Towards the Summit,Killah Priest,The Third Eye in Technicolor,Favorite Songs,Favorite,QZNWU2056888
Dedicated my Life,Zelooperz,Van Goghs Left Ear,Favorite Songs,Favorite,QZK6L2185997
VanGogh'sLeftEar,Zelooperz,Van Goghs Left Ear,Favorite Songs,Favorite,QZK6L2185986
Bash Bandicoon,Zelooperz,Van Goghs Left Ear,Favorite Songs,Favorite,QZK6L2185991
Crowned Disciples,Killah Priest,The Third Eye in Technicolor,Favorite Songs,Favorite,QZNWU2056881
Diamond Dallas,Boldy James,Bo Jackson,Favorite Songs,Favorite,USUYG1382808
Rare,Nas,King's Disease II,Favorite Songs,Favorite,QM8RL2001187
My Bible,Nas,King's Disease II,Favorite Songs,Favorite,QM8RL2001196
Photographic Memories (feat. Earl Sweatshirt),Boldy James,Bo Jackson,Favorite Songs,Favorite,USUYG1382806
Flight Risk,Boldy James,Bo Jackson,Favorite Songs,Favorite,USUYG1382809
3rd Person,Boldy James,Bo Jackson,Favorite Songs,Favorite,USUYG1382812
First 48 Freestyle,Boldy James,Bo Jackson,Favorite Songs,Favorite,USUYG1380330
Christopher Lambert,Dano,Istmo,Favorite Songs,Favorite,QM6N21818253
His Image,Rome Streetz,Genesis 1:27,Favorite Songs,Favorite,QZHN72167933
Brunch on Sundays (feat. Blxst),Nas,King's Disease II,Favorite Songs,Favorite,QM8RL2001193
Lay Wit Ya (feat. Duke Deuce),Isaiah Rashad,The House Is Burning,Favorite Songs,Favorite,USWB12101141
Wat U Sed (feat. Iamdoechii & Kal Banx),Isaiah Rashad,The House Is Burning,Favorite Songs,Favorite,USWB12102079
All Herb (feat. Amindi),Isaiah Rashad,The House Is Burning,Favorite Songs,Favorite,USWB12102076
YOUWHISPERSSOUL!!!!!,9th Wonder,Zion V: The Ballad Of Charles Douthit,Favorite Songs,Favorite,USUYG1347746
NITEGROOVESOUL!!!!,9th Wonder,Zion V: The Ballad Of Charles Douthit,Favorite Songs,Favorite,USUYG1347726
ONETIME!!!!,9th Wonder,Zion V: The Ballad Of Charles Douthit,Favorite Songs,Favorite,USUYG1347729
POWERSOUL!!!!,9th Wonder,Zion V: The Ballad Of Charles Douthit,Favorite Songs,Favorite,USUYG1347733
SLOWDOWNFONKSOUL!!!!,9th Wonder,Zion V: The Ballad Of Charles Douthit,Favorite Songs,Favorite,USUYG1347735
BURDENSOUL!!!,9th Wonder,Zion V: The Ballad Of Charles Douthit,Favorite Songs,Favorite,USUYG1347697
CHRONIUMSOUL!!!,9th Wonder,Zion V: The Ballad Of Charles Douthit,Favorite Songs,Favorite,USUYG1347700
DOWNLOWSOUL!!!,9th Wonder,Zion V: The Ballad Of Charles Douthit,Favorite Songs,Favorite,USUYG1347702
DADDYSREVENGE,9th Wonder,Zion V: The Ballad Of Charles Douthit,Favorite Songs,Favorite,USUYG1347705
FIRESOUL!!!!!,9th Wonder,Zion V: The Ballad Of Charles Douthit,Favorite Songs,Favorite,USUYG1347710
GHETTOLOVE!!!!!,9th Wonder,Zion V: The Ballad Of Charles Douthit,Favorite Songs,Favorite,USUYG1347713
MODHINSOUL!!!,9th Wonder,Zion V: The Ballad Of Charles Douthit,Favorite Songs,Favorite,USUYG1347723
Jinty Boy Blues,Kojaque,Town's Dead,Favorite Songs,Favorite,GBENL2002847
Sistine Chapel,Sadistik,Haunted Gardens,Favorite Songs,Favorite,TCAEC1975675
Margiela Split Toes (feat. Mach-Hommy),Westside Gunn,Hitler Wears Hermes 8: Sincerely Adolf,Favorite Songs,Favorite,USUYG1386304
Ya no es el mismo,Pufuleti,Tumbulata,Favorite Songs,Favorite,DEQ021902118
Star Stepper /// Ageha's Stance,iblss,Mad Space,Favorite Songs,Favorite,QZK6M1900581
Lowtide,Zelooperz,Valley of Life,Favorite Songs,Favorite,QZNWT2006866
Funeral Biz / Welcome to Detroit (Interlude) (feat. Malice & Mario Sweet),Tall Black Guy,8 Miles to Moenart,Favorite Songs,Favorite,GBMCZ0600677
Still Here,Wiki,Half God,Favorite Songs,Favorite,GB5P52100249
Survivor's Remorse (feat. Rick Hyde),Benny The Butcher,The Plugs I Met 2,Favorite Songs,Favorite,QM4TW2169496
The Magic Watch,Your Old Droog,TIME,Favorite Songs,Favorite,USHKR0920302
So High,Your Old Droog,TIME,Favorite Songs,Favorite,USHKR0920305
One Move,Your Old Droog,TIME,Favorite Songs,Favorite,USHKR0920310
The Other Way,Your Old Droog,TIME,Favorite Songs,Favorite,USHKR0920311
No Time,Your Old Droog,TIME,Favorite Songs,Favorite,USHKR0920314
Madson Ave,Your Old Droog,TIME,Favorite Songs,Favorite,USHKR0920313
I Got The Fever Baby,Rick Flair,Sessions 1,Favorite Songs,Favorite,DELJ81941621
Leap of Faith,X-Ray Dog,Shepherd,Favorite Songs,Favorite,US3DF1703057
Japan Air,Skee Mask,Shred,Favorite Songs,Favorite,DEOB61600250
The Wind-Stirred Trees,Reiyashi,Conversations With a River God,Favorite Songs,Favorite,QZHN81906744
alarmed!,MIKE,Disco!,Favorite Songs,Favorite,QZAKB2124310
Sandra,MIKE,Disco!,Favorite Songs,Favorite,QZAKB2124321
Rated R,Rome Streetz,Razor's Edge,Favorite Songs,Favorite,QZK6P2131915
Mud into Moet,Rome Streetz,Razor's Edge,Favorite Songs,Favorite,QZK6P2131903
Stuwerboy,Monobrother,Solodarität,Favorite Songs,Favorite,ATHK51900202
Closed Space,CFCF,Liquid Colours,Favorite Songs,Favorite,QZ5FN1912476
Oxygen Lounge,CFCF,Liquid Colours,Favorite Songs,Favorite,QZ5FN1912472
Sweet Time,Porter Robinson,Nurture,Favorite Songs,Favorite,USQE92000200
Tech Unlimited,MoMa Ready,Deep Technik,Favorite Songs,Favorite,USYBL2001793
Peach Rings,MoMa Ready,Untitled [HOA018],Favorite Songs,Favorite,USYBL2101318
Kwaku,Kessler,Ambivalent,Favorite Songs,Favorite,UKN6K2001440
Melczop 2,Skee Mask,Shred,Favorite Songs,Favorite,DEOB61600247
Group Meditation,AceMoMa,A Future,Favorite Songs,Favorite,USYBL2101166
Sky Trax,AceMoMa,EP3,Favorite Songs,Favorite,USYBL2001958
Simple As A Song,MoMa Ready,Untitled [HOA018],Favorite Songs,Favorite,USYBL2101316
Vrieselaan,Kessler,Ambivalent,Favorite Songs,Favorite,UKN6K2001438
Let It Go,MoMa Ready,Untitled [HOA018],Favorite Songs,Favorite,USYBL2101315
I Miss Your Love,MoMa Ready,The NYC Dance Project,Favorite Songs,Favorite,USYBL2000405
The Influence Of,MoMa Ready,Untitled [HOA018],Favorite Songs,Favorite,USYBL2101314
Session Add,Skee Mask,Compro,Favorite Songs,Favorite,DEOB61800330
Hidden by Horizons,Lone,Mouth of God,Favorite Songs,Favorite,GBRTB2100036
Moonlight Branches,Kessler,Ambivalent,Favorite Songs,Favorite,UKN6K2001436
Levitate!,Dreeks,Until It Falls Apart,Favorite Songs,Favorite,GBSMU9821639
Revolutionary,AceMoMa,EP3,Favorite Songs,Favorite,USYBL2001954
The Hawthorne Effect,Llyr,Biome,Favorite Songs,Favorite,FR10S2196245
tear(ing),Nobodyis,and i found nothing there,Favorite Songs,Favorite,QZK6Q2122251
Movimiento I - Avanza rápido el tren,Hiperlaxo,Sur,Favorite Songs,Favorite,CAENV2112660
Movimiento II - Niebla interior,Hiperlaxo,Sur,Favorite Songs,Favorite,CAENV2112659
Movimiento III y IV - Piedra angular / El sur será el futuro,Hiperlaxo,Sur,Favorite Songs,Favorite,CAENV2112662
Colors of Fall, Wool Clothes,Kendall Miles,Chillhop Essentials Fall 2021,Favorite Songs,Favorite,NL1LE2102284
Little Bird,Liphe,Chillhop Essentials Fall 2021,Favorite Songs,Favorite,NL1LE2102162
Brisk,fantompower,Chillhop Essentials Fall 2021,Favorite Songs,Favorite,NL1LE2102285
The Shortest Day Alone,Psalm Trees,Chillhop Essentials Fall 2021,Favorite Songs,Favorite,NL1LE2102047
